student_id,name,qualification,year,module,mark
1001,Jawaad Omar,BSc IT,2025,Database Systems,78
1002,Cebo Makhuba,BSc IT,2025,Database Systems,65
1003,Miekaeel Kajee,BSc IT,2025,Database Systems,82
1004,Aiden Mokoena,BSc IT,2025,Database Systems,54
1005,Lerato Dlamini,BSc IT,2025,Database Systems,71
1006,Thabo Ndlovu,BSc IT,2025,Database Systems,89
1007,Nomsa Khumalo,BSc IT,2025,Database Systems,61
1008,Kabelo Maseko,BSc IT,2025,Database Systems,47
1009,Ayanda Zulu,BSc IT,2025,Database Systems,93
1010,Sipho Naidoo,BSc IT,2025,Database Systems,76
1011,Precious Molefe,BSc IT,2025,Database Systems,68
1012,Matthew Jacobs,BSc IT,2025,Database Systems,59
1013,Zinhle Cele,BSc IT,2025,Database Systems,84
1014,Daniel Nkosi,BSc IT,2025,Database Systems,72
1015,Naledi Mthembu,BSc IT,2025,Database Systems,38
1016,Samkelo Hadebe,BSc IT,2025,Database Systems,81
1017,Olwethu Sithole,BSc IT,2025,Database Systems,69
1018,Themba Mkhize,BSc IT,2025,Database Systems,55
1019,Fatima Ismail,BSc IT,2025,Database Systems,74
1020,Ryan Petersen,BSc IT,2025,Database Systems,88
1021,Nokuthula Gumede,BSc IT,2025,Database Systems,63
1022,Yusuf Patel,BSc IT,2025,Database Systems,91
1023,Asanda Dube,BSc IT,2025,Database Systems,46
1024,Jason Govender,BSc IT,2025,Database Systems,79
1025,Khanyisa Mthethwa,BSc IT,2025,Database Systems,57
1026,Imraan Khan,BSc IT,2025,Database Systems,86
1027,Thandeka Msimang,BSc IT,2025,Database Systems,70
1028,Keegan Naicker,BSc IT,2025,Database Systems,52
1029,Busisiwe Ncube,BSc IT,2025,Database Systems,95
1030,Ahmed Suleman,BSc IT,2025,Database Systems,67
