student_id,name,qualification,year,module,mark,performance
1001,Jawaad Omar,BSc IT,2025,Database Systems,78,Distinction
1002,Cebo Makhuba,BSc IT,2025,Database Systems,65,Pass
1003,Miekaeel Kajee,BSc IT,2025,Database Systems,82,Distinction
1004,Aiden Mokoena,BSc IT,2025,Database Systems,54,Pass
1005,Lerato Dlamini,BSc IT,2025,Database Systems,71,Distinction
1006,Thabo Ndlovu,BSc IT,2025,Database Systems,89,Distinction
1007,Nomsa Khumalo,BSc IT,2025,Database Systems,61,Pass
1008,Kabelo Maseko,BSc IT,2025,Database Systems,47,Fail
1009,Ayanda Zulu,BSc IT,2025,Database Systems,93,Distinction
1010,Sipho Naidoo,BSc IT,2025,Database Systems,76,Distinction
1011,Precious Molefe,BSc IT,2025,Database Systems,68,Pass
1012,Matthew Jacobs,BSc IT,2025,Database Systems,59,Pass
1013,Zinhle Cele,BSc IT,2025,Database Systems,84,Distinction
1014,Daniel Nkosi,BSc IT,2025,Database Systems,72,Distinction
1015,Naledi Mthembu,BSc IT,2025,Database Systems,38,Fail
1016,Samkelo Hadebe,BSc IT,2025,Database Systems,81,Distinction
1017,Olwethu Sithole,BSc IT,2025,Database Systems,69,Pass
1018,Themba Mkhize,BSc IT,2025,Database Systems,55,Pass
1019,Fatima Ismail,BSc IT,2025,Database Systems,74,Distinction
1020,Ryan Petersen,BSc IT,2025,Database Systems,88,Distinction
1021,Nokuthula Gumede,BSc IT,2025,Database Systems,63,Pass
1022,Yusuf Patel,BSc IT,2025,Database Systems,91,Distinction
1023,Asanda Dube,BSc IT,2025,Database Systems,46,Fail
1024,Jason Govender,BSc IT,2025,Database Systems,79,Distinction
1025,Khanyisa Mthethwa,BSc IT,2025,Database Systems,57,Pass
1026,Imraan Khan,BSc IT,2025,Database Systems,86,Distinction
1027,Thandeka Msimang,BSc IT,2025,Database Systems,70,Distinction
1028,Keegan Naicker,BSc IT,2025,Database Systems,52,Pass
1029,Busisiwe Ncube,BSc IT,2025,Database Systems,95,Distinction
1030,Ahmed Suleman,BSc IT,2025,Database Systems,67,Pass
